,baseMean,log2FoldChange,lfcSE,stat,pvalue,padj
CASP14,595.2107622,-2.071282588,0.249581656,-8.299017735,1.05E-16,1.95E-13
CPA4,163.1509907,-2.034091017,0.293885712,-6.921367493,4.47E-12,2.45E-09
RNF40,250.1752208,-1.833579673,0.224941244,-8.151371605,3.60E-16,4.18E-13
SLC2A12,150.0365735,-1.784100557,0.282907758,-6.306297744,2.86E-10,1.11E-07
S100A2,1333.440906,-1.638723628,0.186994259,-8.763497025,1.89E-18,4.40E-15
CDH11,80.01061264,-1.556682708,0.355957193,-4.373230094,1.22E-05,0.001094967
GPX2,65.99547072,-1.548467414,0.388331801,-3.987485466,6.68E-05,0.004113658
SPTSSB,196.4121889,-1.505928194,0.268720574,-5.604067355,2.09E-08,5.26E-06
CLCA2,159.0118904,-1.419959053,0.286506424,-4.956115934,7.19E-07,0.000106185
KCTD3,867.1222038,-1.415515824,0.174137037,-8.128746454,4.34E-16,4.48E-13
MAP2,88.62043987,-1.381894791,0.361236043,-3.825462101,0.000130527,0.00693807
ARL4C,99.21109988,-1.365365851,0.325153895,-4.199137304,2.68E-05,0.001993856
FIGN,63.23873263,-1.300596045,0.391171575,-3.324873608,0.000884586,0.027798721
VAV3,276.6890323,-1.211967763,0.285815405,-4.240386432,2.23E-05,0.001715376
RAB30,87.94925742,-1.198231902,0.345929318,-3.463805576,0.000532591,0.019938701
NNMT,156.4135505,-1.180183778,0.307430692,-3.83886128,0.000123606,0.006654138
IL7R,133.5986886,-1.175477775,0.305584494,-3.846653868,0.000119742,0.006513682
S100A10,5034.067831,-1.170671659,0.156806269,-7.465719734,8.28E-14,5.93E-11
SULT2B1,79.73323551,-1.156573648,0.346145655,-3.341291825,0.000833895,0.026529263
SLC9A6,189.802032,-1.149865931,0.260719595,-4.41035485,1.03E-05,0.000959979
FGFBP1,539.2017011,-1.139823079,0.205083197,-5.557856974,2.73E-08,6.69E-06
STARD4,150.3615754,-1.122591567,0.294822749,-3.807682986,0.000140275,0.007289595
TTLL7,95.86419564,-1.122138062,0.33181851,-3.381782593,0.000720171,0.024628795
FLRT3,186.8691196,-1.093583679,0.26266872,-4.163357096,3.14E-05,0.002218828
AQP3,227.4514699,-1.077163819,0.269660035,-3.994525257,6.48E-05,0.004046933
KRT6A,938.3897257,-1.07714514,0.173927391,-6.193073619,5.90E-10,1.96E-07
MIR205HG,862.4859932,-1.068225021,0.166215494,-6.426747566,1.30E-10,5.27E-08
MTFR1L,97.75928812,-1.055012087,0.339381657,-3.108630254,0.001879568,0.045859931
RPS6KA4,180.4591475,-1.036479306,0.271386914,-3.81919412,0.000133888,0.007036326
SEC23A,533.5145092,-1.036038616,0.183301199,-5.652110406,1.58E-08,4.34E-06
SYT8,91.62024335,-1.032850782,0.331116225,-3.119299818,0.001812814,0.045087688
ARHGEF9,132.9903436,-1.028231969,0.322019703,-3.193071606,0.00140768,0.03932205
ALOX15,99.85815142,-0.997983654,0.316283368,-3.15534661,0.001603075,0.04200509
KRT5,964.4375753,-0.978514513,0.159548975,-6.133004081,8.62E-10,2.73E-07
SLC1A3,1174.204926,-0.962916923,0.154537936,-6.230942044,4.64E-10,1.66E-07
GMCL1,158.3890709,-0.954342982,0.273958775,-3.483527699,0.000494852,0.019100052
PGRMC2,380.8795172,-0.949100442,0.195431283,-4.856440736,1.20E-06,0.000157578
DKK1,705.4929097,-0.94875152,0.17867958,-5.309792638,1.10E-07,2.17E-05
TXNDC17,777.8072364,-0.945302262,0.206875216,-4.569432136,4.89E-06,0.000516945
MAPRE1,820.2075912,-0.926080605,0.164340233,-5.635142359,1.75E-08,4.65E-06
PDGFC,126.7645824,-0.9255654,0.290152208,-3.189930582,0.00142307,0.039632918
DARS2,425.3284066,-0.924200778,0.184795358,-5.001212085,5.70E-07,9.14E-05
TRIM6,134.2728396,-0.909090322,0.291704968,-3.116471848,0.001830292,0.04512614
KDM1B,361.1255165,-0.908138762,0.229125256,-3.963503542,7.39E-05,0.004461201
TSPAN1,358.9813186,-0.897651526,0.201635853,-4.451844806,8.51E-06,0.000826965
RRAS2,237.3776184,-0.896705115,0.226387229,-3.96093508,7.47E-05,0.004480373
OPN3,556.4821017,-0.883932029,0.185233899,-4.77197767,1.82E-06,0.000223279
ODC1,644.9321992,-0.88174551,0.165770133,-5.319085483,1.04E-07,2.11E-05
NFU1,190.9779359,-0.880567527,0.277413295,-3.174208102,0.001502459,0.041224855
SLC44A1,994.2717391,-0.88019056,0.173884232,-5.061934308,4.15E-07,7.15E-05
C11orf24,214.7811642,-0.878902489,0.228095323,-3.853224501,0.000116572,0.006378568
GGT6,161.6403945,-0.871399469,0.276943936,-3.146483298,0.001652467,0.042816847
CAV1,1791.118091,-0.868169584,0.16285096,-5.331068248,9.76E-08,2.02E-05
CYP4B1,233.7095477,-0.855486478,0.244765969,-3.495120182,0.000473848,0.018519904
TMX4,207.6351621,-0.8515997,0.239045618,-3.562498689,0.000367342,0.01549518
CROT,157.2904843,-0.845409959,0.265490885,-3.184327621,0.001450907,0.040101616
SC5D,673.2885243,-0.843613042,0.210439246,-4.008819925,6.10E-05,0.003861464
PFN2,229.6398873,-0.833464754,0.241728293,-3.447940424,0.000564879,0.020768778
GOPC,567.3634222,-0.824729785,0.169616478,-4.862321131,1.16E-06,0.000157578
MAP9,200.1002222,-0.817352489,0.249725556,-3.27300298,0.001064114,0.031930272
MBTPS2,347.3647242,-0.802623885,0.203055797,-3.952725797,7.73E-05,0.004570448
AKR1B10,748.4146416,-0.802487579,0.192140396,-4.176568779,2.96E-05,0.002133975
PGM1,594.1368545,-0.79851585,0.176059685,-4.535483797,5.75E-06,0.000600675
DYNLL1,1849.354633,-0.794571337,0.192120189,-4.13580343,3.54E-05,0.002455275
SRXN1,449.3894308,-0.792528578,0.220282318,-3.597785715,0.000320938,0.014027345
CNTN1,204.5384399,-0.790709881,0.236949537,-3.33703915,0.00084676,0.026700215
HOMER2,228.3539963,-0.788107946,0.225730542,-3.491366027,0.000480557,0.018703536
EFEMP1,325.0964929,-0.787808078,0.226454805,-3.478875519,0.000503522,0.019274755
CAMK2D,227.5148597,-0.779722281,0.247948103,-3.144699523,0.001662575,0.04295909
SLC25A23,654.8507341,-0.773539356,0.193621173,-3.995117607,6.47E-05,0.004046933
VSNL1,374.0985311,-0.771278348,0.195181488,-3.951595799,7.76E-05,0.004570448
MRPS6,263.3457998,-0.767639058,0.22397002,-3.427418804,0.000609349,0.021717087
IDH2,424.3025234,-0.76370948,0.189057352,-4.039565092,5.36E-05,0.003483398
SGCE,295.6960056,-0.761258831,0.203778142,-3.735723683,0.000187176,0.009212234
MED28,271.7902735,-0.755053447,0.231305873,-3.264307293,0.001097321,0.032507255
PKIB,412.5566312,-0.753076856,0.188727445,-3.990287979,6.60E-05,0.004092453
PRKACB,314.3484049,-0.751487782,0.237238644,-3.167644907,0.001536791,0.041549095
PHTF2,444.126681,-0.747234663,0.190438608,-3.923756165,8.72E-05,0.005036887
LIPA,749.3095894,-0.744852157,0.159417779,-4.672328025,2.98E-06,0.000346273
ACTR1B,262.6158553,-0.743697231,0.232612899,-3.197145271,0.00138795,0.039005171
EEF1E1,264.4663271,-0.743277292,0.239094134,-3.108722406,0.001878982,0.045859931
PRICKLE1,480.289727,-0.735081188,0.204327062,-3.597571363,0.000321202,0.014027345
CDC42EP4,233.0176939,-0.724819134,0.229147448,-3.1631124,0.001560921,0.041549095
PLA2G12A,254.8786497,-0.719315122,0.215498035,-3.337919626,0.000844082,0.026700215
KCTD1,361.5033409,-0.719080178,0.190374355,-3.777190361,0.000158608,0.008151199
MANSC1,225.7091735,-0.719020893,0.224140712,-3.207899572,0.001337082,0.038035275
BLVRB,661.9309536,-0.703623342,0.208561954,-3.373689831,0.000741679,0.024639632
GLIPR1,390.8847045,-0.702302331,0.202173895,-3.473753775,0.000513232,0.019486049
LGALS1,269.7547236,-0.699409903,0.210818514,-3.317592413,0.000907969,0.028342031
GM2A,739.2626248,-0.69373698,0.169632863,-4.089637874,4.32E-05,0.002878036
GALNT6,248.757353,-0.688585745,0.217296846,-3.168871324,0.001530321,0.0415016
RARRES1,6765.399767,-0.686754687,0.19443783,-3.532001389,0.000412427,0.016826306
PDE4DIP,329.782124,-0.686576473,0.198164432,-3.464680648,0.000530861,0.019938701
INSIG1,580.6078578,-0.686250396,0.194000317,-3.537367394,0.000404137,0.016560718
SELENOW,637.2184375,-0.683164515,0.195324288,-3.497591222,0.00046948,0.0184266
GALK2,311.5753838,-0.679874554,0.205973699,-3.300783332,0.000964153,0.029599181
SPTLC1,1283.073031,-0.675216199,0.149090608,-4.528898278,5.93E-06,0.000612816
CD59,1277.702461,-0.672303416,0.141481696,-4.751875577,2.02E-06,0.000243469
PDCD5,1599.692946,-0.671902979,0.191454176,-3.509471527,0.000448998,0.017772683
ALDH3A2,540.8884918,-0.668410049,0.169510019,-3.943189041,8.04E-05,0.004703959
ROCK1,996.2435863,-0.667362256,0.154913635,-4.3079633,1.65E-05,0.001344422
PRDX4,697.2979146,-0.662067945,0.184111101,-3.596024032,0.000323118,0.014045062
WASHC5,721.5921699,-0.661349987,0.15881275,-4.164338104,3.12E-05,0.002218828
DLAT,552.2069541,-0.661272911,0.16901242,-3.912569922,9.13E-05,0.005243519
PROM2,1202.914302,-0.661227231,0.142370587,-4.644408983,3.41E-06,0.000382224
MRPS30,441.8985053,-0.655159561,0.194039073,-3.376431101,0.000734328,0.024639632
SRSF8,588.788377,-0.638877321,0.173596561,-3.680241809,0.000233013,0.011002466
KRT4,526.3423156,-0.636855545,0.203061378,-3.136271169,0.001711109,0.043552505
SCEL,493.8202383,-0.630179717,0.198637336,-3.172513943,0.001511253,0.041224855
LIMK2,389.7195075,-0.62849355,0.18532996,-3.391213979,0.000695838,0.023953039
TFAM,336.1755401,-0.624140624,0.199142467,-3.134141265,0.001723579,0.043685907
VAPA,1743.125341,-0.618276708,0.133199119,-4.641747743,3.45E-06,0.000382572
ATP1B3,662.5489683,-0.611110502,0.17401972,-3.511731329,0.000445198,0.017772683
CAPZB,2136.511288,-0.610102877,0.149032691,-4.093751992,4.24E-05,0.00286498
S100A8,1903.101316,-0.609393361,0.171328119,-3.55687884,0.000375287,0.015724869
TMEM45A,626.4155187,-0.606767455,0.189110726,-3.208530091,0.001334153,0.038035275
SQLE,1959.661344,-0.603694042,0.141959864,-4.25256849,2.11E-05,0.001651946
CCNG1,644.021321,-0.599835222,0.194573997,-3.082812862,0.002050541,0.048908022
TMX1,469.9719286,-0.599193548,0.178830792,-3.350617322,0.000806316,0.025774418
SUCLG1,552.7920277,-0.598901314,0.184189946,-3.251541827,0.001147809,0.033575214
ACADVL,1275.608183,-0.59629918,0.160467254,-3.716017847,0.000202387,0.009805243
SLC16A2,626.5732699,-0.595931817,0.172240872,-3.459874601,0.000540427,0.020108208
NMD3,503.4707572,-0.594726946,0.17488134,-3.400745593,0.000672023,0.023238519
RPN2,1417.209765,-0.589658308,0.145794921,-4.044436559,5.24E-05,0.003435786
SYNJ2BP,460.8688486,-0.583544563,0.186088823,-3.135838863,0.001713633,0.043552505
LMAN1,1252.343856,-0.581504177,0.14906905,-3.90090482,9.58E-05,0.005370158
MATN2,374.896212,-0.580324287,0.185540771,-3.127745377,0.001761527,0.044182087
MAGT1,961.8248255,-0.575215437,0.16965866,-3.390427803,0.000697836,0.023953039
ARL6IP5,988.6095217,-0.572948493,0.156792349,-3.654186563,0.000257999,0.011880709
ME1,927.8442097,-0.562664324,0.165058531,-3.408877567,0.000652307,0.022640911
ZDHHC5,1241.139643,-0.561493102,0.143868889,-3.902811141,9.51E-05,0.00536199
PLOD2,2016.017598,-0.56103662,0.131335532,-4.271780932,1.94E-05,0.001541731
TTC1,498.3192817,-0.55627991,0.174478469,-3.188243872,0.001431398,0.039745852
ARPC5,1535.767489,-0.556177537,0.153904617,-3.613780716,0.000301764,0.013366722
NHERF1,2150.672497,-0.556028809,0.173591746,-3.203083214,0.001359647,0.038442052
SSU72,1283.549719,-0.549120955,0.156427994,-3.510375224,0.000447475,0.017772683
C1orf198,562.0709568,-0.548707323,0.167638817,-3.273151969,0.001063553,0.031930272
DUSP3,493.3301803,-0.548204788,0.175035277,-3.131967442,0.001736391,0.043772119
NCSTN,529.7072854,-0.548146611,0.166711809,-3.287989106,0.001009057,0.030674027
IDS,803.8348723,-0.546308187,0.167820578,-3.255311073,0.001132682,0.033237257
CYP51A1,1355.646394,-0.540627608,0.141814534,-3.812215802,0.000137727,0.007197373
ATP5PO,758.8902282,-0.528961079,0.1684022,-3.141058006,0.001683387,0.043153224
KRT15,20754.07771,-0.527325709,0.144573054,-3.647468844,0.000264836,0.011962329
PAWR,803.9693902,-0.512109086,0.162256958,-3.156161025,0.001598606,0.04200509
PERP,4329.212154,-0.512081868,0.137908902,-3.71318935,0.000204664,0.009864151
DBI,2354.319786,-0.504498328,0.163482538,-3.085946274,0.002029055,0.04864502
CREG1,1284.884468,-0.502173132,0.152827712,-3.285877435,0.001016652,0.030804235
EIF1AX,876.3652724,-0.489977625,0.159223127,-3.077301857,0.002088837,0.049567239
CAV2,2404.578472,-0.482411902,0.151034856,-3.194043505,0.00140295,0.039307947
FDPS,1244.691221,-0.469528703,0.152094406,-3.08708725,0.002021283,0.048583904
VDAC1,1828.161527,-0.468181767,0.136094842,-3.440113966,0.000581469,0.021211087
CD164,1730.263468,-0.467670125,0.151451848,-3.087912958,0.002015675,0.048574634
ANO1,4055.544737,0.397736908,0.12908649,3.081166038,0.002061916,0.04905357
CDH1,8555.061562,0.428080725,0.133518736,3.206147224,0.001345251,0.038151002
NET1,2490.693369,0.433608789,0.13377275,3.241383542,0.00118951,0.034520785
ZC3H13,1899.930458,0.437706393,0.139403653,3.139848815,0.00169035,0.043196813
GSDMB,4905.360125,0.442751244,0.117819341,3.757882555,0.000171357,0.008616029
CKAP5,3127.594633,0.459992718,0.136944238,3.358978244,0.000782312,0.025533574
SMARCC1,2446.176746,0.470182466,0.150479652,3.124558435,0.001780721,0.044408234
DDX46,1276.008636,0.485406737,0.141293972,3.435438396,0.000591596,0.021247203
HMGB2,2920.156711,0.492629504,0.135008429,3.64887961,0.000263386,0.011962329
CENPF,4531.409262,0.498107081,0.157453045,3.16352778,0.001558695,0.041549095
SLC9A7,1144.562041,0.500082703,0.160477166,3.116223425,0.001831834,0.04512614
LCN2,3182.141987,0.500833215,0.141414799,3.541589845,0.000397723,0.016442769
CLINT1,2974.932945,0.501363965,0.140083273,3.579042334,0.000344856,0.014714894
F2RL1,1181.475966,0.507519772,0.147951921,3.430302005,0.00060291,0.021570257
UPF3B,694.7662095,0.512120424,0.162224243,3.156867397,0.001594738,0.04200509
SP3,1719.313979,0.514793604,0.149737973,3.43796295,0.000586108,0.021213913
NAMPT,4344.513155,0.514935309,0.128392256,4.010641488,6.06E-05,0.003861464
SAMD4B,1044.967574,0.515219443,0.166536979,3.093723969,0.001976613,0.047757023
BAIAP2L1,1483.821149,0.517241042,0.141767987,3.648503809,0.000263772,0.011962329
ITPR3,1485.98804,0.517947076,0.157792092,3.282465361,0.001029036,0.031078232
MAP3K13,766.7978951,0.518537382,0.166415659,3.115917009,0.001833739,0.04512614
SOS1,856.5222591,0.522602302,0.165706868,3.153775757,0.001611729,0.042039036
CEACAM1,1066.278381,0.522645913,0.143948168,3.630792395,0.000282552,0.01257561
PICALM,2914.278902,0.524767712,0.147788736,3.55079641,0.000384067,0.016020605
ZHX2,701.3623897,0.52570013,0.169216993,3.106662763,0.001892121,0.045954337
IQGAP3,1078.755461,0.529321294,0.1625965,3.255428592,0.001132214,0.033237257
CREB3L2,2537.587639,0.529732208,0.161906522,3.271839827,0.001068501,0.031958828
PALMD,1629.417311,0.539942407,0.134599635,4.011470066,6.03E-05,0.003861464
ZNF217,2289.266825,0.541137318,0.148362786,3.647392543,0.000264915,0.011962329
MYH9,9347.186404,0.54151645,0.163458549,3.312867107,0.000923448,0.028633059
GNAQ,885.8732593,0.541727297,0.165845057,3.266466343,0.001088988,0.032467186
FAM107B,882.8086991,0.5441097,0.151837308,3.583504649,0.000339015,0.014599606
EMP1,1613.571197,0.549817098,0.137109302,4.010064155,6.07E-05,0.003861464
HK2,631.26858,0.551010906,0.175861279,3.133213349,0.001729037,0.043705172
TJP2,2401.966655,0.553318859,0.131852716,4.196491925,2.71E-05,0.002001267
SETD5,983.9928516,0.55488681,0.176662075,3.140950379,0.001684006,0.043153224
MYO6,3575.447242,0.557302425,0.14090828,3.955072222,7.65E-05,0.004562246
SNX5,664.3757236,0.558440263,0.166354765,3.356923768,0.000788148,0.025542084
SETD2,1209.790393,0.559286331,0.165854715,3.372146106,0.000745849,0.024689981
FMNL2,910.9971132,0.56865373,0.156586098,3.631572255,0.0002817,0.01257561
MED14,1545.486326,0.571209032,0.170207765,3.355951665,0.000790924,0.025542084
MYO1D,636.2338192,0.571426181,0.179706677,3.179771551,0.001473912,0.040563105
SLC7A1,775.9540783,0.571847713,0.165429612,3.456743354,0.000546745,0.02026225
TPM4,13039.83365,0.571945573,0.131488079,4.349790336,1.36E-05,0.001162902
MPZL2,1308.191594,0.572685665,0.139903548,4.093432028,4.25E-05,0.00286498
RBM47,2362.440035,0.573388948,0.135766844,4.223335611,2.41E-05,0.001835338
WEE1,592.6834675,0.575677254,0.171586191,3.355032544,0.000793556,0.025542084
MKI67,8246.51363,0.581789177,0.167990238,3.463232061,0.000533728,0.019938701
TNFRSF21,965.455818,0.583016151,0.168872638,3.452401524,0.00055562,0.020509443
TSPAN14,772.8549659,0.587011426,0.167713985,3.500074412,0.000465128,0.01833315
MYH14,1496.130696,0.594409525,0.173846443,3.419164149,0.000628138,0.021965946
SNX30,1024.066011,0.598246418,0.180995703,3.305307302,0.000948723,0.02922193
TAOK1,1405.530293,0.598274346,0.189082257,3.164095644,0.001555657,0.041549095
ERRFI1,2927.011166,0.601203327,0.166438709,3.612160482,0.000303657,0.013386792
TTC9,1013.630136,0.601253816,0.154059587,3.902735469,9.51E-05,0.00536199
ADGRF1,1451.272889,0.602318533,0.137571917,4.37820849,1.20E-05,0.001080647
RRBP1,1554.424393,0.602938012,0.168841306,3.5710338,0.000355575,0.015103008
NT5C2,1431.908648,0.606896721,0.134761106,4.503500596,6.68E-06,0.000668576
ZC3H18,1174.985009,0.60808132,0.148709993,4.089041418,4.33E-05,0.002878036
SPTAN1,2932.67424,0.609369827,0.159427275,3.822243253,0.000132243,0.00698935
ARFGEF3,795.7837666,0.611499879,0.193120006,3.166424287,0.001543255,0.041549095
RBPMS,428.5238029,0.61789767,0.197671681,3.125878565,0.001772747,0.044328215
TIMP2,1882.424715,0.620627322,0.140980345,4.402225881,1.07E-05,0.000977129
DOCK8,577.962848,0.628981624,0.182937936,3.438224114,0.000585543,0.021213913
GPATCH8,719.3616452,0.629740193,0.188504712,3.340713275,0.000835635,0.026529263
TP53BP2,712.617124,0.630151528,0.183406285,3.435822973,0.000590757,0.021247203
ZNF260,426.4146486,0.637087675,0.197771935,3.221324983,0.001275994,0.036633621
RBAK,423.1387736,0.638344201,0.201815525,3.163008398,0.001561478,0.041549095
ATOSA,422.9704024,0.641656825,0.194684372,3.295882553,0.00098113,0.030021294
RPS15,1579.70383,0.642144243,0.142051055,4.520517231,6.17E-06,0.000623727
ZFP36L1,2778.128314,0.642927143,0.148618411,4.32602623,1.52E-05,0.001272307
PTPN13,1530.20828,0.64316422,0.16784519,3.831889486,0.000127163,0.006798097
ZNF292,600.8530921,0.643396231,0.204027917,3.153471542,0.00161341,0.042039036
EGFR,1946.726642,0.651359984,0.159993325,4.071169747,4.68E-05,0.003085998
CAB39,1481.547551,0.656402693,0.151837327,4.323065394,1.54E-05,0.001277996
KMT2C,1076.258937,0.671547922,0.198794861,3.378094977,0.000729899,0.024639632
ANKRD11,2574.11014,0.676276765,0.204527162,3.306537667,0.000944567,0.029190557
HERC1,732.6632911,0.68116719,0.220793588,3.08508592,0.002034934,0.048660545
ZNF28,328.8907518,0.681531792,0.212180614,3.212036097,0.001317978,0.037722562
IGF1R,488.5376999,0.685973838,0.212466873,3.228615497,0.00124391,0.035823073
RTKN2,664.9058877,0.688560867,0.204024179,3.374898354,0.00073843,0.024639632
ELK3,538.160386,0.690729169,0.196059045,3.523067098,0.000426583,0.017327853
RIGI,253.6099804,0.69897865,0.222500575,3.141468964,0.001681026,0.043153224
LPP,2131.43702,0.699121161,0.210992001,3.313496049,0.000921374,0.028633059
PTPN3,1742.525022,0.699441624,0.150867332,4.636137031,3.55E-06,0.000388474
ZNF107,507.3983877,0.700655789,0.207363731,3.378873364,0.000727835,0.024639632
ATXN2,781.9134976,0.701148884,0.167295315,4.191084981,2.78E-05,0.002033429
EFHD1,502.2218228,0.702623318,0.189309023,3.711515206,0.000206022,0.00987845
RNF213,1131.107028,0.704864993,0.190926135,3.691820356,0.000222655,0.01061578
SERPINB2,808.7840067,0.707246508,0.209303219,3.379052229,0.000727362,0.024639632
NSMF,362.6394121,0.707826357,0.222311197,3.183943803,0.001452832,0.040101616
CHST15,430.0983915,0.708209909,0.20015162,3.538367107,0.00040261,0.016560718
PPP1R15A,651.5857146,0.710264127,0.219212187,3.240075917,0.001194979,0.034520785
RASA1,697.3869536,0.712495842,0.188903944,3.771736183,0.000162116,0.008240434
CD55,1718.484204,0.713047749,0.143582732,4.966110747,6.83E-07,0.000102485
FOSL2,596.0133685,0.715844083,0.184136329,3.887576604,0.00010125,0.005639688
ARHGDIB,1993.080868,0.72040862,0.152409867,4.726784653,2.28E-06,0.000268584
CREBBP,806.5275879,0.72200325,0.228488127,3.159915839,0.001578147,0.041809923
CEACAM6,12619.94524,0.723423946,0.118121666,6.124396739,9.10E-10,2.73E-07
VCL,2996.255805,0.724476039,0.144436605,5.015875554,5.28E-07,8.62E-05
NCOA7,1597.240938,0.724691845,0.149261495,4.855182822,1.20E-06,0.000157578
MYD88,661.7878346,0.729413039,0.198615664,3.672484969,0.000240203,0.011227995
LMO7,4266.531357,0.732739688,0.146774377,4.992286124,5.97E-07,9.25E-05
IGFBP5,1693.161061,0.734267442,0.172524076,4.256028823,2.08E-05,0.001640383
TEAD1,922.4173042,0.739581726,0.19678169,3.758386904,0.000171012,0.008616029
WWC2,353.8624154,0.739917483,0.219064743,3.377620109,0.00073116,0.024639632
SMG1,1044.833929,0.74275955,0.220114313,3.37442641,0.000739697,0.024639632
PLAAT4,1458.419874,0.743198749,0.177454163,4.188116725,2.81E-05,0.002044106
TLNRD1,338.0882516,0.744734698,0.208008927,3.580301612,0.000343198,0.014711642
ZMIZ2,662.5156717,0.746107357,0.197688521,3.774156204,0.00016055,0.0082057
KMT2A,835.5850227,0.753355462,0.223646722,3.368506614,0.000755766,0.024929553
CDR2,724.7740881,0.758254023,0.203414122,3.72763708,0.000193283,0.00946275
CHD2,894.9274833,0.764416262,0.180250867,4.240846527,2.23E-05,0.001715376
FGD6,416.9165566,0.76648912,0.217656019,3.521561793,0.000429013,0.017350764
PEAK1,397.2875334,0.767910897,0.220250285,3.48653759,0.000489317,0.018965096
RREB1,418.0797573,0.769730194,0.2059509,3.737445159,0.0001859,0.009198076
USP53,1115.544513,0.775787284,0.179823355,4.314163104,1.60E-05,0.001318815
SAV1,456.0683189,0.776513269,0.204672613,3.793928554,0.000148282,0.007662903
RAPGEF2,294.4457927,0.776719375,0.231382848,3.356858044,0.000788336,0.025542084
TP53I11,1264.472433,0.778531897,0.147181983,5.289586973,1.23E-07,2.38E-05
ANKRD12,601.5026449,0.781398501,0.196314994,3.980330212,6.88E-05,0.004211579
SLC20A2,2208.378635,0.784460051,0.180937558,4.33552911,1.45E-05,0.001229639
RHPN2,710.8081184,0.787266436,0.162676518,4.839459582,1.30E-06,0.000168202
PLCG1,212.4235086,0.788721342,0.250325453,3.15078364,0.001628331,0.042309306
MIR222HG,956.7398421,0.790966,0.242299546,3.264413884,0.001096908,0.032507255
TJP3,379.7790979,0.793184936,0.230305928,3.444049149,0.000573072,0.020987052
BCAR3,433.8164017,0.793871703,0.220996129,3.59224257,0.000327844,0.014184229
SWAP70,748.3771488,0.80448857,0.161111105,4.993377519,5.93E-07,9.25E-05
PLAUR,1496.249344,0.805369852,0.206015743,3.909263636,9.26E-05,0.005283187
GPRC5A,1601.046436,0.811874475,0.174470137,4.653372136,3.27E-06,0.000370435
PIGR,696.6247471,0.816360559,0.229190561,3.561929228,0.00036814,0.01549518
MPRIP,2602.866361,0.820501992,0.157548126,5.207945112,1.91E-07,3.55E-05
SH3RF1,742.6234465,0.822144032,0.166996839,4.923111345,8.52E-07,0.000121898
KIAA1958,196.7601969,0.822757789,0.257231735,3.19850811,0.001381406,0.038938918
RAB11FIP1,1166.123786,0.827168428,0.187718558,4.406428636,1.05E-05,0.000967858
PLAU,537.9164603,0.828491927,0.190128224,4.35754308,1.32E-05,0.001143456
STS,1770.718595,0.83057511,0.187940449,4.41935258,9.90E-06,0.000930172
MICAL2,705.1376378,0.840171695,0.196514322,4.275371315,1.91E-05,0.001530171
PDLIM5,2208.25905,0.840976585,0.166861082,5.039980416,4.66E-07,7.87E-05
FUT4,438.0638887,0.848262298,0.226019621,3.753047163,0.000174698,0.008690056
ZNFX1,1056.257302,0.85290701,0.157355718,5.420247973,5.95E-08,1.32E-05
RAD54L2,318.9837423,0.854338337,0.240983363,3.545217093,0.00039229,0.016290536
ZNF621,253.1586481,0.857079643,0.250370787,3.423241394,0.000618791,0.021965946
PGM2L1,722.7561222,0.857467562,0.17313509,4.952592591,7.32E-07,0.000106437
DUSP10,666.2510837,0.860221853,0.168693731,5.099311318,3.41E-07,5.98E-05
C15orf48,566.2006198,0.861838544,0.251982509,3.420231617,0.000625678,0.021965946
CXCL16,849.1630447,0.865566009,0.185523684,4.665528356,3.08E-06,0.000353505
NAV2,789.3546627,0.865900789,0.22060819,3.925061847,8.67E-05,0.005036887
ICAM1,167.7495561,0.871130205,0.274549819,3.172940373,0.001509035,0.041224855
BEND7,222.9192291,0.872036866,0.251544683,3.46672749,0.000526836,0.019921243
EZR,10416.18451,0.872501567,0.158057636,5.520148161,3.39E-08,8.08E-06
RAB8B,303.5927844,0.87606271,0.20759027,4.220153037,2.44E-05,0.001846307
MACC1,2707.561459,0.876518984,0.169520124,5.17058956,2.33E-07,4.26E-05
HAS3,572.1423182,0.876961068,0.24952473,3.514525665,0.00044054,0.017663379
ARHGAP42,215.1084699,0.883583153,0.272656063,3.240651034,0.001192571,0.034520785
FLNB,5601.357493,0.884147388,0.180189863,4.906754318,9.26E-07,0.000128556
ZFHX3,298.3133011,0.88456586,0.279690328,3.162661596,0.001563339,0.041549095
TRIO,1526.920558,0.887437374,0.213465423,4.15728862,3.22E-05,0.002252392
EXPH5,692.9780395,0.887889467,0.24158616,3.675249727,0.000237617,0.011163193
JMY,205.6604156,0.889962461,0.286341708,3.108043416,0.001883304,0.045859931
UBE2H,2216.4793,0.897140693,0.149712529,5.992422263,2.07E-09,5.83E-07
ZNF644,952.3378945,0.902262377,0.17683775,5.102204572,3.36E-07,5.98E-05
ANKRD36C,866.5180168,0.903174083,0.24471956,3.690649342,0.000223682,0.01061578
SEC24A,747.7273382,0.913681858,0.170895335,5.346441185,8.97E-08,1.90E-05
SOGA1,219.2062457,0.921132471,0.269318072,3.420240101,0.000625659,0.021965946
LCOR,584.0961406,0.92654338,0.208753033,4.438466666,9.06E-06,0.000868845
UBR4,1266.079579,0.929341057,0.196589571,4.727316176,2.28E-06,0.000268584
IFIT2,426.893453,0.930175128,0.234680641,3.963578436,7.38E-05,0.004461201
NEDD9,1645.961053,0.945784762,0.156065567,6.060175714,1.36E-09,3.95E-07
SECTM1,484.7598795,0.947677953,0.217857906,4.349981929,1.36E-05,0.001162902
STC2,158.1586496,0.947898134,0.272851373,3.474045687,0.000512674,0.019486049
KDM7A,362.0104117,0.950316294,0.214847732,4.423208412,9.72E-06,0.000923042
TNS4,1217.942805,0.950550601,0.190591363,4.987374999,6.12E-07,9.33E-05
FNIP2,215.9874839,0.963545013,0.287571865,3.350623372,0.000806299,0.025774418
TMEM51-AS1,117.6819856,0.977199553,0.300139001,3.255823302,0.001130641,0.033237257
PLEKHG1,349.5527399,0.981636419,0.220527254,4.45131565,8.53E-06,0.000826965
CCNG2,353.8529513,0.983463664,0.225623057,4.358879257,1.31E-05,0.001143456
CELSR3,110.7875639,0.984516274,0.317448261,3.10134404,0.001926443,0.04666608
PMAIP1,455.7986547,0.985338009,0.179325943,5.494676284,3.91E-08,9.10E-06
RERE,1032.616008,0.987758934,0.205557379,4.805271105,1.55E-06,0.000194263
IFIT1,227.7534265,0.993563704,0.257031331,3.865535373,0.000110846,0.006101109
NCEH1,452.7418662,1.006735812,0.192800277,5.221651265,1.77E-07,3.37E-05
MAP1B,241.226957,1.013776351,0.27649312,3.66655182,0.000245843,0.011434163
LINC00342,1015.487319,1.019181355,0.228325633,4.463718515,8.05E-06,0.000797096
LIPH,485.7466394,1.019718564,0.210003591,4.855719643,1.20E-06,0.000157578
PLAC8,468.3991828,1.022333642,0.222241213,4.600108262,4.22E-06,0.000456741
APOL6,1362.139554,1.02607908,0.191000591,5.372125172,7.78E-08,1.68E-05
GOLGA7B,108.3327819,1.029239333,0.324594084,3.170850556,0.001519933,0.041340404
HEG1,283.1827214,1.040915131,0.227349866,4.578472592,4.68E-06,0.000500794
SEPTIN3,114.220595,1.04700348,0.310913119,3.367511419,0.000758499,0.024931294
IFIT3,304.9737135,1.062772413,0.258022149,4.118919309,3.81E-05,0.002603557
ATF3,157.1362441,1.063870518,0.277153073,3.838566566,0.000123755,0.006654138
RCAN1,1234.994873,1.075740909,0.140208131,7.672457393,1.69E-14,1.57E-11
BTN3A1,86.70198289,1.08261199,0.346143323,3.127640831,0.001762154,0.044182087
SYNE2,1521.075203,1.088851998,0.216711001,5.024442657,5.05E-07,8.39E-05
FN1,711.7485446,1.110014124,0.197855916,5.610214478,2.02E-08,5.22E-06
ZNF165,111.3207659,1.114879733,0.358153146,3.112857576,0.001852854,0.04547559
TGDS,104.4221467,1.11523504,0.353014198,3.159178995,0.001582143,0.041809923
CEACAM5,2853.243467,1.121936843,0.12609427,8.897603699,5.71E-19,1.77E-15
SESTD1,834.9370817,1.130706106,0.184596468,6.125285693,9.05E-10,2.73E-07
GLYATL2,2108.218192,1.134893745,0.155930157,7.27821846,3.38E-13,2.10E-10
ACE2,327.6613598,1.140462206,0.208204177,5.477614427,4.31E-08,9.78E-06
S100P,1372.369107,1.179193897,0.177769738,6.633265644,3.28E-11,1.45E-08
GRB10,173.260151,1.187257959,0.271958948,4.365577855,1.27E-05,0.001123213
FUCA1,213.3647593,1.189183199,0.241768891,4.91867747,8.71E-07,0.000122802
SAMD9,6683.704192,1.221363297,0.147633588,8.272936482,1.31E-16,2.03E-13
CCNJ,103.2539067,1.238582549,0.329835505,3.755152282,0.000173236,0.008663669
EPPK1,94.31514644,1.242309289,0.383131915,3.24251058,0.001184815,0.034520785
ITGA2,2040.946872,1.254899596,0.372794288,3.366198566,0.000762118,0.024962057
ADM,108.4596529,1.257805796,0.36783771,3.419458535,0.000627459,0.021965946
TFPI2,112.6548886,1.284629816,0.369104497,3.480396001,0.000500673,0.019244883
LOC124902471,78.50574,1.290596522,0.388723937,3.320085022,0.0008999,0.028184758
ASS1,6262.238453,1.292159615,0.13198736,9.790025462,1.24E-22,1.16E-18
OXSR1,786.5734239,1.29597305,0.169937773,7.626162362,2.42E-14,2.05E-11
SORBS2,99.69456487,1.296626265,0.368554996,3.51813509,0.000434591,0.017500286
DNAH5,124.8726618,1.297859445,0.33440641,3.881084226,0.000103992,0.005757928
CDKL5,290.235474,1.304095446,0.269976849,4.830397314,1.36E-06,0.00017363
PGBD5,485.624575,1.304117661,0.209143504,6.235515993,4.50E-10,1.66E-07
ZSCAN12P1,90.09640906,1.317386249,0.400133587,3.292366081,0.000993482,0.030299572
XAF1,103.7045974,1.329581007,0.363147475,3.661270145,0.000250968,0.011614448
TCIM,125.6936836,1.34660473,0.312912844,4.303449838,1.68E-05,0.001360186
NFE2L3,112.0158828,1.409486415,0.33862011,4.162441548,3.15E-05,0.002218828
BIRC3,595.8147826,1.466461072,0.195338025,7.507299581,6.04E-14,4.68E-11
LOC105378120,69.14475323,1.469940473,0.471752763,3.115912804,0.001833765,0.04512614
STK38L,643.8547709,1.504950713,0.205059565,7.339090546,2.15E-13,1.43E-10
PLAT,911.4912078,1.515239916,0.185088894,8.186552316,2.69E-16,3.57E-13
ANKRD13B,64.02060396,1.51853966,0.444545737,3.415935715,0.000635633,0.02214477
SH3BP5-AS1,64.50358257,1.577209546,0.433646425,3.637086475,0.000275739,0.012390955
CREB5,82.48419474,1.578224303,0.423559568,3.72609763,0.000194467,0.009470854
MMP7,110.409351,1.584902228,0.330468063,4.795931607,1.62E-06,0.000200825
GDF15,699.703663,1.620565808,0.237843466,6.813581362,9.52E-12,4.43E-09
PTGS2,1615.101254,1.643758709,0.391069504,4.2032393,2.63E-05,0.001973841
MAP3K8,237.6143569,1.648625391,0.241478485,6.827214395,8.66E-12,4.43E-09
IDO1,270.7377051,1.668010359,0.255747873,6.522088884,6.93E-11,2.93E-08
RND1,66.94360401,1.731352707,0.418797059,4.134109035,3.56E-05,0.002455275
SLC4A4,196.5406406,1.811345214,0.291624551,6.21122333,5.26E-10,1.81E-07
ADAMTS9,252.9204335,1.83538874,0.269240694,6.816906885,9.30E-12,4.43E-09
SAMD9L,663.7732431,1.863037022,0.193342317,9.635950625,5.64E-22,2.62E-18
RELN,74.74894915,1.905366186,0.42143268,4.521163817,6.15E-06,0.000623727
EFR3B,83.47481683,2.887604589,0.414576683,6.965188125,3.28E-12,1.91E-09
